year,control,treated,gap,did_relative
2016,1.6233760005481828,1.6508411330301043,0.027465132481921506,-0.0011654957361008633
2017,1.6772993436573418,1.7054958495517174,0.028196505894375612,-0.0004341223236467573
2018,1.7190334736629105,1.7538790757988556,0.03484560213594512,0.00621497391792275
2019,1.7649769366843786,1.7889922090442258,0.02401527235984724,-0.00461535585817513
2020,1.786070359710797,1.8674105650479884,0.08134020533719144,0.05270957711916907
2021,1.8110778579860558,1.9195536437361245,0.10847578575006867,0.0798451575320463
2022,1.8303240334774749,1.973226388871852,0.14290235539437712,0.11427172717635475
2023,1.8508768172478391,2.04436914380718,0.1934923265593409,0.16486169834131853
2024,1.8824846677771996,2.103966212567396,0.22148154479019633,0.19285091657217396
